ID,SURFACE,ROUNDNESS,SHORT_AXIS,LONG_AXIS,VOLUME,PIXEL_SCALE
0,111.0,0.6142679504548101,4.658707901866561,7.584162413841072,517.1165771071883,16.591
1,168.0,0.629490918141374,5.801956106454805,9.216902006442885,974.7286258844072,16.591
2,121.0,0.5074231001533701,4.420820342434004,8.712296190492308,534.9192614345145,16.591
3,125.0,0.37762926941508684,3.8762599526989985,10.26472327927062,484.5324940873748,16.591
4,89.0,0.4537586008478777,3.585357795894513,7.901465204615487,319.09684383461166,16.591
5,82.0,0.7029429907334277,4.283433631640878,6.093571865865942,351.24155779455197,16.591
6,116.0,0.7737677119161301,5.345143387064092,6.907943178227965,620.0366328994346,16.591
7,114.0,0.6108102498290833,4.707937052015528,7.7076916330937495,536.7048239297702,16.591
8,138.0,0.5571055246308549,4.94690237087715,8.879650536861986,682.6725271810467,16.591
9,99.0,0.5728069040707792,4.248609177550445,7.417175224943628,420.612308577494,16.591
10,108.0,0.7827504364783863,5.187386418355658,6.627126829457724,560.237733182411,16.591
11,104.0,0.4786676004308012,3.980693590186469,8.316196012857025,413.9921333793928,16.591
12,80.0,0.6793271603298745,4.159197529198729,6.122525010157202,332.7358023358984,16.591
13,75.0,0.7530251961744311,4.239947209174395,5.630551581427099,317.9960406880797,16.591
14,128.0,0.7732775464690015,5.613034975754532,7.258758516117787,718.4684768965801,16.591
15,157.0,0.5403043065878754,5.196298660251543,9.617355621440735,815.8188896594921,16.591
16,77.0,0.7111626077574066,4.174984650567466,5.87064702928201,321.4738180936949,16.591
17,60.0,0.7531898495448272,3.792738656565203,5.035567936632785,227.56431939391217,16.591
18,108.0,0.4361095914865438,3.8719947570228004,8.878490252471941,418.17543375846253,16.591
19,245.0,0.6456253039383772,7.095751170132027,10.990509707174198,1738.4590366823463,16.591
20,114.0,0.864311756272683,5.600318147335701,6.479511711707931,638.4362687962698,16.591
21,104.0,0.5010724257005347,4.072789695851678,8.128145726952805,423.5701283685745,16.591
22,86.0,0.6280919042473325,4.146540266250634,6.601804987790119,356.6024628975545,16.591
23,92.0,0.6060468932911545,4.212812127492793,6.951297290899389,387.5787157293369,16.591
24,56.0,0.4153747935922095,2.721066442266579,6.550870404856492,152.37972076692841,16.591
25,54.0,0.7003262249273112,3.469541913740106,4.9541796240747935,187.35526334196572,16.591
26,120.0,0.7156232544282095,5.228268814827913,7.305895640584451,627.3922577793495,16.591
27,86.0,0.37103408818214534,3.1869936273300907,8.589490100342358,274.0814519503878,16.591
28,48.0,0.6490979096276613,3.149203950733333,4.851662444175478,151.1617896352,16.591
29,115.0,0.7487719950718669,5.235386879766157,6.991964061454604,602.0694911731081,16.591
30,63.0,0.41209709076629014,2.874717102200634,6.9758247913255795,181.10717743863998,16.591
31,54.0,0.650838154028507,3.344709824719576,5.139080743832784,180.61433053485715,16.591
32,70.0,0.6929354219991981,3.929347741247868,5.670582880452624,275.05434188735074,16.591
33,113.0,0.691697283810785,4.9879526317147045,7.211178572560604,563.6386473837616,16.591
34,80.0,0.5463045357905262,3.7298164524187625,6.827357651390459,298.385316193501,16.591
35,52.0,0.671038359119174,3.3327321334366884,4.966529987661715,173.3020709387078,16.591
36,154.0,0.646088207624433,5.627705094474823,8.710428433862042,866.666584549123,16.591
37,79.0,0.6018160719321032,3.8901871964550008,6.46407993719033,307.32478851994506,16.591
38,103.0,0.6280564143491488,4.537775476392937,7.225108083794365,467.39087406847256,16.591
39,128.0,0.40363972109895735,4.055337439884635,10.046923600193495,519.0831923052333,16.591
40,87.0,0.5424287118630671,3.8757524009704127,7.145182982033634,337.19045888442594,16.591
41,72.0,0.6644400671009709,3.9022871029320667,5.8730460370311475,280.96467141110884,16.591
42,153.0,0.4320043862492611,4.586853371728685,10.617608333916609,701.7885658744888,16.591
43,90.0,0.6785304282279948,4.408907450189249,6.497729897984471,396.8016705170324,16.591
44,67.0,0.7482577380772573,3.994735908006352,5.338716467231372,267.6473058364256,16.591
45,74.0,0.813386336984147,4.3771291406373525,5.381365461419921,323.90755640716407,16.591
46,74.0,0.4962519729724335,3.4189444670270572,6.8895332476934605,253.00189056000224,16.591
47,43.0,0.7029181235644527,3.1017847894491264,4.412725587043018,133.37674594631244,16.591
48,60.0,0.6330092750211618,3.4770082854540614,5.492823600946169,208.6204971272437,16.591
49,61.0,0.5026422264759776,3.1240607202717534,6.215277101119279,190.56770393657695,16.591
50,145.0,0.6899875618094113,5.643255268799101,8.178778257973706,818.2720139758696,16.591
51,87.0,0.6717990288185655,4.31324746553462,6.420443139252455,375.252529501512,16.591
52,67.0,0.6252177078595967,3.651557131928087,5.840456989660481,244.6543278391818,16.591
53,39.0,0.6495518985357374,2.8396466056257164,4.371700878755084,110.74621761940294,16.591
54,68.0,0.6118785749026009,3.63925211663292,5.947670446235543,247.46914393103856,16.591
55,57.0,0.5515157669648345,3.1633078411111244,5.735661662983466,180.30854694333408,16.591
56,117.0,0.4964425364466762,4.2998419006931705,8.661308379152207,503.08150238110085,16.591
57,69.0,0.7018293637979504,3.9261363347261367,5.594146579276543,270.9034070961035,16.591
58,48.0,0.7387263536994275,3.359599273011219,4.547826480247881,161.2607651045385,16.591
59,97.0,0.7285478807918134,4.742856451800492,6.51001337982862,460.05707582464777,16.591
60,63.0,0.7391227386413995,3.8499369752251944,5.2087924967669945,242.54602943918724,16.591
61,78.0,0.7366755902651486,4.276716920343309,5.805427757968751,333.5839197867781,16.591
62,73.0,0.6921281600901187,4.010326697164508,5.794196694211002,292.75384889300915,16.591
63,140.0,0.5627034274594888,5.007591132768352,8.89916586322707,701.0627585875694,16.591
64,65.0,0.5335896163809223,3.3226563550627914,6.2269884065562335,215.97266307908149,16.591
65,77.0,0.6171574003318803,3.8892727138886287,6.301913761055362,299.47399896942443,16.591
66,74.0,0.6910106143602389,4.03444020164522,5.838463429943752,298.5485749217462,16.591
67,61.0,0.811345269802194,3.9691072610444893,4.892007643074272,242.11554292371383,16.591
68,59.0,0.4193124542328751,2.8062085944128303,6.692404592529312,165.56630707035697,16.591
69,71.0,0.692440905092242,3.9559026509651107,5.712982323651336,280.86908821852285,16.591
70,62.0,0.6298489647092917,3.525649364402928,5.597610795518572,218.59026059298154,16.591
71,46.0,0.7443187210297866,3.301288284786861,4.435315398515616,151.85926110019562,16.591
72,52.0,0.6150209071569703,3.190594962981813,5.187782928763893,165.91093807505425,16.591
73,28.0,0.741383408117416,2.5705467728052245,3.4672299712406245,71.97530963854628,16.591
74,61.0,0.5929883723531642,3.3932282180889137,5.722250850591755,206.98692130342374,16.591
75,67.0,0.6117110398919549,3.6118992219496127,5.904584005198884,241.99724787062408,16.591
76,51.0,0.7456404024893503,3.4791637348896747,4.666007532953348,177.4373504793734,16.591
77,32.0,0.7462530121249518,2.7570402179369347,3.694511342857131,88.22528697398191,16.591
78,73.0,0.6843403077927539,3.98770069593593,5.827072657458558,291.1021508033229,16.591
79,37.0,0.7644296730925376,3.000507344232159,3.9251581274879874,111.0187717365899,16.591
80,49.0,0.7198792756701894,3.350834198364302,4.654716855468245,164.19087571985082,16.591
81,31.0,0.5840222836300824,2.4006045208579776,4.110467336856811,74.41874014659732,16.591
82,72.0,0.44650592253726257,3.1989313771308328,7.16436494045355,230.32305915341996,16.591
83,42.0,0.6800744830171491,3.0152820952605643,4.433752729382333,126.6418480009437,16.591
84,51.0,0.4386238478384037,2.668432809952289,6.083647350919652,136.09007330756674,16.591
85,71.0,0.661606239794702,3.8668206952243276,5.844595263225163,274.5442693609273,16.591
86,53.0,0.8042260657680748,3.683427031368438,4.580089092052229,195.2216326625272,16.591
87,61.0,0.6075691135487861,3.434692210130704,5.653171192440658,209.51622481797295,16.591
88,89.0,0.6519330112959107,4.297556086152931,6.592020977140366,382.4824916676109,16.591
89,43.0,0.8065480311305772,3.3225720632681814,4.1194968371700975,142.8705987205318,16.591
90,53.0,0.9113273254881447,3.9210302669543897,4.3025487739590424,207.81460414858267,16.591
91,35.0,0.8141949868828925,3.011780366529692,3.6990897942766177,105.41231282853921,16.591
92,102.0,0.6069289757947973,4.439091383053793,7.314021178904217,452.78732107148693,16.591
93,34.0,0.6557050192121604,2.6639052650590154,4.06265803525454,90.57277901200652,16.591
94,61.0,0.6608460283168647,3.5821199404223796,5.420506119323777,218.5093163657652,16.591
95,65.0,0.6023943416432943,3.530385932331673,5.860589464869473,229.47508560155873,16.591
96,65.0,0.5991244533687626,3.520791157753166,5.876560600984368,228.8514252539558,16.591
97,41.0,0.6087190806235213,2.818548092922696,4.63029364881352,115.56047180983055,16.591
98,36.0,0.9726285971439811,3.3384880904409444,3.4324387543652883,120.185571255874,16.591
99,66.0,0.7676992302128646,4.015989641806996,5.231201861038024,265.05531635926184,16.591
100,57.0,0.5490500885021622,3.1562287713786588,5.748526113508183,179.90503996858354,16.591
101,54.0,0.5237171299100852,3.000339040969497,5.728930503924156,162.01830821235285,16.591
102,67.0,0.26559056188216945,2.3799552101082826,8.960993166482178,159.45699907725492,16.591
103,51.0,0.7505176806286357,3.4905238965649557,4.6508216750354014,178.0167187248127,16.591
104,37.0,0.5182357503493147,2.4705270328964795,4.767187580616025,91.40950021716975,16.591
105,45.0,0.7834162965158713,3.349867437381996,4.275973645531805,150.7440346821898,16.591
106,54.0,0.44313707180786527,2.7598849954505194,6.2280616338213886,149.03378975432804,16.591
107,40.0,0.7587557345063952,3.1081792193631896,4.096416116558513,124.32716877452759,16.591
108,44.0,0.7534221385611903,3.2484081436367367,4.311537951141466,142.9299583200164,16.591
109,37.0,0.8603708999396316,3.1832355928706093,3.6998410721398907,117.77971693621255,16.591
110,60.0,0.5862060519038415,3.3459992378519248,5.707889277132177,200.75995427111548,16.591
111,50.0,0.5763810373881003,3.0287603273410513,5.254788292595522,151.43801636705257,16.591
112,91.0,0.7228456462192833,4.575815916234206,6.3302808008420675,416.39924837731274,16.591
113,27.0,1.0019660146738234,2.9344954555175202,2.928737514588063,79.23137729897306,16.591
114,42.0,0.7646620682722406,3.1973080597079715,4.181334725982043,134.2869385077348,16.591
115,29.0,0.7040866872969365,2.549394995996755,3.620853855061729,73.93245488390589,16.591
116,35.0,0.783215860552672,2.9539274364894483,3.771536794983985,103.38746027713067,16.591
117,51.0,0.6952075328004097,3.35944384722091,4.832289192391976,171.33163620826642,16.591
118,86.0,0.7227462712544593,4.4480249962739515,6.154338214092179,382.5301496795599,16.591
119,43.0,0.8809169870449515,3.47237630348394,3.9417747126571774,149.3121810498094,16.591
120,35.0,0.6243154789629441,2.637309730919289,4.224322189320289,92.30584058217514,16.591
121,34.0,0.7494669482158993,2.848005113319486,3.8000409759218092,96.83217385286251,16.591
122,46.0,0.6403300765011228,3.0620052438674885,4.781916946020759,140.85224121790446,16.591
123,48.0,0.5524131335086048,2.9052110008346466,5.2591273172352855,139.45012804006305,16.591
124,35.0,0.37538608125564854,2.0450228673492297,5.447785545241117,71.57580035722305,16.591
125,57.0,0.8791892906983702,3.993959771230017,4.542775729282916,227.65570696011096,16.591
126,42.0,0.7673491962251264,3.20292102356162,4.174007139536953,134.52268298958805,16.591
127,64.0,0.55064094025105,3.3492633699434005,6.08248156850886,214.35285567637766,16.591
128,45.0,0.5996317858825904,2.9307153816502165,4.887525062295578,131.88219217425976,16.591
129,33.0,0.7203011384539437,2.7506737578596776,3.8187830214509044,90.77223400936937,16.591
130,42.0,0.6770093255894686,3.0084793463970203,4.4437782947488245,126.35613254867484,16.591
131,46.0,0.8101192595524946,3.4441214537177345,4.251375847576131,158.42958687101577,16.591
132,46.0,0.5737488394952841,2.898443837423798,5.051764183041317,133.32841652149472,16.591
133,31.0,0.9219999824309438,3.016278003357876,3.2714512590392477,93.50461810409415,16.591
134,55.0,0.5794433816997385,3.185018151962984,5.496685703131263,175.17599835796415,16.591
135,41.0,0.8443953529761868,3.3196317471519103,3.9313714073051376,136.10490163322834,16.591
136,45.0,0.8328114036721498,3.4538593833847697,4.1472287340873635,155.42367225231465,16.591
137,29.0,0.7728481646725884,2.6709831764154206,3.4560257738943636,77.4585121160472,16.591
138,43.0,0.7857145023537376,3.2793794891927948,4.173754562718228,141.0133180352902,16.591
139,47.0,0.7920404389037711,3.4422917064275205,4.34610600336499,161.78771020209345,16.591
140,62.0,0.3552114705524265,2.6476733203491376,7.453794541689389,164.15574586164652,16.591
141,26.0,0.8745684789067378,2.690349162748044,3.0762018385468672,69.94907823144914,16.591
142,35.0,0.7560124291008957,2.9021747120258463,3.8387923271014484,101.57611492090462,16.591
143,57.0,0.9354273818914427,4.119718395399713,4.404102846625683,234.8239485377836,16.591
144,47.0,0.5765004328523359,2.936796213019939,5.094178678218212,138.02942201193716,16.591
145,22.0,0.965905861523227,2.600781126239908,2.692582403567252,57.217184777277986,16.591
146,26.0,1.0125999202834597,2.894880774704501,2.8588593744843767,75.26690014231701,16.591
147,39.0,0.646970160648787,2.8339976940386777,4.380414842002484,110.52591006750845,16.591
148,29.0,0.9370259280792171,2.9410327912191896,3.1386888058134415,85.28995094535651,16.591
149,51.0,0.5317899837804366,2.9381923813379482,5.525099138668731,149.84781144823535,16.591
150,40.0,0.8120150157749365,3.215415414846729,3.9597979746447627,128.61661659386917,16.591
151,29.0,0.6995818522245663,2.541226234119577,3.6324930757406806,73.69556078946773,16.591
152,29.0,0.76863958555808,2.6637007697684636,3.465474352110621,77.24732232328543,16.591
153,33.0,0.8133026931949255,2.922860840722144,3.593816748891076,96.45440774383076,16.591
154,42.0,0.5918670560317488,2.812948574030256,4.752669616197331,118.14384010927076,16.591
155,44.0,0.9025667180840234,3.555421214074436,3.939233679723882,156.4385334192752,16.591
156,48.0,0.42988102105091613,2.5628301126679984,5.961719608841374,123.01584540806392,16.591
157,43.0,0.5844232431372167,2.8282840961023132,4.839444921663152,121.61621613239946,16.591
158,27.0,0.84392423083987,2.6931384105523275,3.1912087745983153,72.71473708491283,16.591
159,31.0,0.7105859737205655,2.6479771058267345,3.72646970775705,82.08729028062876,16.591
160,70.0,0.8964193484271785,4.469199017045024,4.985611951467248,312.84393119315166,16.591
161,35.0,0.8707117755601242,3.114557081867345,3.577024187899339,109.00949786535708,16.591
162,32.0,0.8212249705118064,2.892218674415335,3.5218347934705854,92.5509975812907,16.591
163,40.0,0.7024285468506779,2.99058489797755,4.257493394005365,119.62339591910201,16.591
164,35.0,0.56803198077625,2.515622553213706,4.428663593510978,88.04678936247971,16.591
165,33.0,0.5788433549128024,2.4658267497692825,4.259920631101894,81.37228274238632,16.591
166,32.0,0.8415667541125103,2.927819763401376,3.479010725048142,93.690232428844,16.591
167,24.0,0.6423818783364683,2.2152733605393853,3.4485302827597266,53.16656065294524,16.591
168,31.0,0.6010883506149474,2.4354267179675184,4.0516950885438705,75.49822825699307,16.591
169,59.0,0.6941111665945644,3.6104853330015376,5.201595229644893,213.01863464709072,16.591
170,49.0,0.6328276154525635,3.1417079791388303,4.964555753294763,153.94369097780267,16.591
171,23.0,0.9869715558608805,2.688074493590619,2.723558219715826,61.82571335258425,16.591
172,35.0,0.5264237751255579,2.4217361991065465,4.600354910887023,84.76076696872913,16.591
173,36.0,0.3782169319459815,2.0818373587238472,5.504347327901184,74.94614491405851,16.591
174,78.0,0.5464103437100031,3.683255288008993,6.740822772498265,287.29391246470146,16.591
175,24.0,0.7970142848405923,2.467537361635512,3.095976331376588,59.220896679252284,16.591
176,40.0,0.6362221335341233,2.8461608873207096,4.473533279187714,113.84643549282838,16.591
177,68.0,0.6279759953102152,3.6868124167561898,5.870944820008499,250.70324433942093,16.591
178,47.0,0.6019870908459377,3.0010109615678244,4.985174943453816,141.04751519368773,16.591
179,21.0,0.9197715619182072,2.4795604459207508,2.6958437818511842,52.070769364335774,16.591
180,64.0,0.542609469334727,3.324748011395115,6.127331348403234,212.78387272928737,16.591
181,35.0,0.5994964362016197,2.5843562995690825,4.310878503204186,90.4524704849179,16.591
182,28.0,0.8153487306308539,2.695726196430518,3.306224803152356,75.48033350005451,16.591
183,36.0,0.6970695165356654,2.826274626596587,4.054508997384884,101.74588655747712,16.591
184,29.0,0.6978211068886918,2.538026271771276,3.637072949953221,73.60276188136702,16.591
185,40.0,0.9356465675728725,3.4515246047645407,3.6889192184160073,138.06098419058162,16.591
186,33.0,0.35603667651612486,1.9338794691785715,5.431686106335694,63.81802248289287,16.591
187,18.0,0.8670636413936079,2.2288805984417026,2.570607844724389,40.11985077195064,16.591
188,27.0,0.8937651197940422,2.7715240186638215,3.1009534353975314,74.83114850392319,16.591
189,18.0,0.7655188685458786,2.0943018002501192,2.7357938338323335,37.697432404502145,16.591
190,49.0,0.5883741798585822,3.0293531641241596,5.148684744888492,148.4383050420838,16.591
191,59.0,0.5285750817799424,3.1506808427920334,5.960706343141109,185.89016972473,16.591
192,28.0,0.7377046686556794,2.564161323957042,3.4758643030275485,71.79651707079718,16.591
193,31.0,0.593674940167853,2.4203616840639626,4.076914015234734,75.03121220598285,16.591
194,28.0,0.7687906944115815,2.6176292702070363,3.4048659657756684,73.29361956579702,16.591
195,32.0,0.5091715084437614,2.2773621575903134,4.472681836717206,72.87558904289003,16.591
196,32.0,0.7871983660732416,2.831666773100759,3.5971451353816684,90.61333673922431,16.591
197,25.0,0.8395665043250499,2.584774257239061,3.078701024783059,64.61935643097652,16.591
198,62.0,0.729998350231526,3.7956123208444543,5.199480683265434,235.3279638923562,16.591
199,20.0,0.5667658779146378,1.8995114218759759,3.351492204973685,37.99022843751952,16.591
200,70.0,0.6837914119900517,3.903335708939276,5.708371939886348,273.2334996257493,16.591
201,17.0,0.9386893582359029,2.253774555560981,2.400980191995085,38.31416744453668,16.591
202,40.0,0.5835027845147313,2.7256904074146724,4.671255184637184,109.0276162965869,16.591
203,45.0,0.5903925987888853,2.908049353362303,4.925619595042001,130.86222090130363,16.591
204,20.0,0.9036476541767755,2.398499455706667,2.654241887997489,47.969989114133334,16.591
205,42.0,0.6406841491913499,2.9266561365442314,4.568017080238616,122.9195577348577,16.591
206,68.0,0.548306731379434,3.445016519789881,6.283009714513051,234.26112334571195,16.591
207,19.0,0.8180170510807773,2.2242471477092027,2.7190718638083298,42.26069580647485,16.591
208,32.0,0.6358048369686347,2.54484869673992,4.002562655661995,81.43515829567743,16.591
209,26.0,0.7716709737332818,2.5271313767451367,3.2748819934473885,65.70541579537354,16.591
210,17.0,0.878571051023093,2.1804090146906105,2.481767424673886,37.06695324974037,16.591
211,21.0,0.8670199576317338,2.407405554676959,2.776643759450233,50.555516648216134,16.591
212,22.0,0.7843933506329918,2.343707208589165,2.9879233508262586,51.56155858896162,16.591
213,28.0,0.8420750327194934,2.7395515361183307,3.2533342394334026,76.70744301131326,16.591
214,21.0,0.8973722544742886,2.4491818356157737,2.729281882077565,51.432818547931255,16.591
215,24.0,0.5168936763308919,1.9871529419670182,3.8444133348130443,47.69167060720844,16.591
216,25.0,0.39002446452490364,1.7617366638619405,4.516990148317865,44.04341659654852,16.591
217,28.0,0.7687061189775779,2.6174852822384724,3.4050532675866743,73.28958790267723,16.591
218,23.0,0.7498308587024423,2.342991086556962,3.1246928015358444,53.88879499081012,16.591
219,16.0,0.9686458349248194,2.221097190011539,2.2929920409805176,35.53755504018462,16.591
220,57.0,0.4203420047920419,2.761619795537831,6.569935348012869,157.4123283456564,16.591
221,27.0,0.6227306917558305,2.313433824778806,3.714982825490624,62.462713269027766,16.591
222,47.0,0.8493635743211213,3.5646821268562285,4.19688603870893,167.54005996224274,16.591
223,60.0,0.6222166100968491,3.447239750945026,5.540256712864765,206.83438505670154,16.591
224,27.0,0.9638913061162158,2.87820005601969,2.9860213882587576,77.71140151253164,16.591
225,16.0,0.8220663895389702,2.0461548676077057,2.4890384689674847,32.738477881723284,16.591
226,60.0,0.812629248010787,3.9395526911866505,4.8479090567195,236.37316147119904,16.591
227,26.0,0.9285667318782554,2.7721600313102,2.9854182108191862,72.07616081406519,16.591
228,24.0,0.796437260923937,2.466643973712761,3.097097655691345,59.19945536910625,16.591
229,39.0,0.5967329542549971,2.7217446521101105,4.56107649611563,106.14804143229432,16.591
230,37.0,0.6749560727088544,2.8194453453244153,4.17722791056448,104.31947777700337,16.591
231,64.0,0.6404456769471224,3.6120703473631455,5.639932436707465,231.17250223124128,16.591
232,24.0,0.9681663072837675,2.7196039729864063,2.809025631780529,65.27049535167376,16.591
233,22.0,0.9607039875523555,2.5937684346429792,2.699862255439662,57.06290556214554,16.591
234,43.0,0.32263977716491005,2.101446055018359,6.5132888247199965,90.36218036578944,16.591
235,24.0,0.6354246738779851,2.2032446380035444,3.4673577035609635,52.87787131208506,16.591
236,26.0,0.8521880517237365,2.6557027178386496,3.1163341383007084,69.04827066380489,16.591
237,41.0,0.5741190114538168,2.737272007832691,4.767778027244237,112.22815232114033,16.591
238,19.0,1.1271489464814897,2.6109137106513782,2.316387482596343,49.60736050237619,16.591
239,22.0,0.6755757759786585,2.175071002042564,3.2195811030845407,47.8515620449364,16.591
240,26.0,0.5841109375199572,2.1986667407903835,3.7641252706644646,57.16533526054997,16.591
241,21.0,0.8973722544742886,2.4491818356157737,2.729281882077565,51.432818547931255,16.591
242,47.0,0.7345117532340185,3.3149224079774653,4.513096479916118,155.80135317494086,16.591
243,30.0,0.509839646850721,2.2064926917692502,4.327817001676416,66.19478075307751,16.591
244,18.0,1.0493969792107094,2.4520607240146286,2.336637871645976,44.137093032263316,16.591
245,29.0,0.8685678914898557,2.8315611690033995,3.2600343585651306,82.11527390109856,16.591
246,39.0,0.6207042780583917,2.7758739193269903,4.47213595499958,108.25908285375262,16.591
247,27.0,0.6994857083571773,2.45186395172892,3.505238094838856,66.20032669668085,16.591
248,27.0,0.699485708357221,2.451863951728997,3.5052380948387465,66.20032669668292,16.591
249,31.0,0.6369404768472311,2.5070057780994115,3.9360126561727555,77.71717912108176,16.591
250,22.0,0.9098962867342101,2.5242499155842797,2.7742171853940523,55.53349814285415,16.591
251,12.0,1.143533229367045,2.0899701397499633,1.8276426832885115,25.079641676999557,16.591
252,20.0,0.7489644380795074,2.183587804695725,2.9154759474226504,43.6717560939145,16.591
253,36.0,0.6608697957364899,2.751910249385822,4.164073266987522,99.06876897788959,16.591
254,20.0,0.9816804508367222,2.4999143688322185,2.5465663156493026,49.99828737664438,16.591
255,21.0,0.8670199576317338,2.407405554676959,2.776643759450233,50.555516648216134,16.591
256,11.0,0.9992227795060525,1.8704778484080073,1.871932752906858,20.575256332488078,16.591
257,20.0,0.9273412561799926,2.4297402729846946,2.620114501314814,48.594805459693895,16.591
258,32.0,0.7218254913820382,2.71154090513199,3.756504775053534,86.76930896422368,16.591
259,15.0,0.8656695131911021,2.033043891127183,2.348521993841287,30.495658366907744,16.591
260,22.0,0.4862788619921279,1.8453514902897346,3.7948420844984376,40.59773278637416,16.591
261,48.0,0.5346271840358044,2.858059073717245,5.345891789755753,137.18683553842777,16.591
262,20.0,0.6882375917486995,2.0931929175158928,3.041381265149192,41.863858350317855,16.591
263,21.0,0.6588886580125859,2.098653436976985,3.18514123965524,44.07172217651668,16.591
264,16.0,0.8373778380274929,2.06512234723412,2.4661774571186075,33.041957555745924,16.591
265,51.0,0.8156256584474737,3.63877826144418,4.461333730440161,185.57769133365318,16.591
266,18.0,1.058975046334173,2.4632255431571615,2.326046823939852,44.33805977682891,16.591
267,26.0,0.8454910925745451,2.6452471547318823,3.128651712553266,68.77642602302895,16.591
268,22.0,0.9414899078013755,2.5676997485492254,2.727272727272748,56.48939446808296,16.591
269,25.0,1.0307962635486032,2.864055871176541,2.7784887978898825,71.60139677941353,16.591
270,25.0,0.8916443118719322,2.6637342182938366,2.987440375974082,66.59335545734592,16.591
271,32.0,0.871740773127493,2.979845398813741,3.4182700760033575,95.35505276203973,16.591
272,23.0,0.591008146680605,2.0801071909357742,3.5195914009285465,47.84246539152281,16.591
273,15.0,0.8432463625356007,2.0065405067563518,2.3795424396765648,30.098107601345273,16.591
274,21.0,0.9898817514935528,2.5723281479468763,2.598621647551031,54.018891106884396,16.591
275,20.0,0.44943153714620254,1.6914993434016687,3.7636418533117197,33.82998686803338,16.591
276,24.0,0.782278376285284,2.4446199258915122,3.125,58.670878221396286,16.591
277,35.0,0.4672373710202147,2.2815388674443033,4.883040203874433,79.85386036055063,16.591
278,58.0,0.7680882350922978,3.765690449850811,4.902679507124991,218.41004609134706,16.591
279,42.0,0.5569239071339083,2.7286487847831764,4.899500182754936,114.60324896089341,16.591
280,41.0,0.8594803394974182,3.349152825827419,3.896718367968532,137.31526585892416,16.591
281,37.0,0.5358731276544801,2.5122156412394285,4.688079158280265,92.95197872585885,16.591
282,18.0,0.5601639276474925,1.7915085511845297,3.1981862143610122,32.247153921321534,16.591
283,17.0,0.6711830346870002,1.9057679086014316,2.8394160908583874,32.398054446224336,16.591
284,47.0,0.757405800959373,3.366187524785433,4.444364593618942,158.21081366491535,16.591
285,21.0,0.7419752972434147,2.2270472650465787,3.0015113351084612,46.76799256597815,16.591
286,25.0,0.5170054024554918,2.028348656000815,3.923263947276513,50.70871640002037,16.591
287,8.0,1.2536512440469296,1.7867279251340886,1.4252192813739224,14.293823401072709,16.591
288,21.0,0.8287511543288515,2.353676570345029,2.8400281049998775,49.4272079772456,16.591
289,16.0,0.8645870648599514,2.0984055288205803,2.42706097986845,33.57448846112928,16.591
290,50.0,0.8134426907015145,3.598102627039948,4.423301934075943,179.9051313519974,16.591
291,53.0,0.8794473587340402,3.8518371979035133,4.379838269624474,204.14737148888622,16.591
292,20.0,0.613905277114304,1.9769275094746523,3.2202484376210454,39.53855018949305,16.591
293,18.0,1.058975046334173,2.4632255431571615,2.326046823939852,44.33805977682891,16.591
294,21.0,0.9070362633686477,2.462334421825424,2.7147033930931768,51.70902285833391,16.591
295,19.0,1.1271489464814897,2.6109137106513782,2.316387482596343,49.60736050237619,16.591
296,50.0,0.8146584994773254,3.600790567689859,4.420000000000099,180.03952838449297,16.591
297,21.0,0.6684507609859602,2.1138269083884555,3.1622776601683795,44.390365076157565,16.591
298,19.0,1.1271489464814897,2.6109137106513782,2.316387482596343,49.60736050237619,16.591
299,27.0,0.7373535941809717,2.517357214084994,3.4140434575099508,67.96864478029484,16.591
300,25.0,0.4118234637428143,1.810300250454256,4.395816192699494,45.257506261356404,16.591
301,20.0,0.6546218738998374,2.0414338792842495,3.1184932259025095,40.828677585684986,16.591
302,16.0,0.9201110048050861,2.1647371358794034,2.352691278089839,34.635794174070455,16.591
303,22.0,0.9145611624622844,2.5307123324654404,2.767132955495259,55.67567131423968,16.591
304,17.0,0.5346517848960619,1.7009244926127212,3.181368772468208,28.915716374416263,16.591
305,20.0,1.176202812688456,2.73640999645856,2.3264780248262853,54.728199929171204,16.591
306,14.0,0.8170648528421114,1.9081712408432514,2.3353975320389706,26.71439737180552,16.591
307,79.0,0.7129386633996988,4.234134924564849,5.938989063061996,334.49665904062306,16.591
308,22.0,0.7948789090255437,2.3593202265398316,2.9681504940572205,51.9050449838763,16.591
309,37.0,0.7004670546905842,2.872233760124693,4.100455176144492,106.27264912461365,16.591
310,17.0,0.8140845761691506,2.0988639473139963,2.578189058918977,35.680687104337935,16.591
311,15.0,0.9549296585513718,2.135287630251531,2.23606797749979,32.02931445377296,16.591
312,14.0,1.1417546767168092,2.2556695717098143,1.975616669419862,31.579374003937403,16.591
313,19.0,0.5390833356381963,1.805634389626227,3.3494531740414835,34.30705340289831,16.591
314,16.0,0.9788267971537588,2.2327391120170126,2.2810359488618324,35.72382579227221,16.591
315,14.0,0.5792057875916903,1.6065917330032087,2.773783976992598,22.492284262044922,16.591
316,13.0,1.1189229119132282,2.1517748306023936,1.923076923076951,27.97307279783111,16.591
317,18.0,0.9916577223417401,2.383648510408734,2.40370085030941,42.90567318735721,16.591
318,19.0,0.8660402655036349,2.288605336994082,2.6426084653964352,43.483501402887555,16.591
319,10.0,0.9824379203203912,1.7683882565766595,1.7999999999999545,17.683882565766595,16.591
320,23.0,0.929192990690555,2.6082063276355636,2.806958676794585,59.988745535617966,16.591
321,30.0,0.6844283608316043,2.556522913865235,3.7352673561904575,76.69568741595704,16.591
322,12.0,0.9666774750890748,1.9215712229486706,1.9878100736459254,23.058854675384048,16.591
323,23.0,0.6527686474293573,2.186092957528218,3.3489552020263003,50.280138023149014,16.591
324,27.0,0.9638913061162887,2.8782000560197987,2.986021388258645,77.71140151253456,16.591
325,16.0,0.9227157068710591,2.167799000402474,2.3493682661515627,34.68478400643959,16.591
326,31.0,0.668553991772492,2.568467966686259,3.8418257886347424,79.62250696727402,16.591
327,24.0,0.7232603331039977,2.3505960825879924,3.25,56.414305982111806,16.591
328,12.0,1.0701157263143137,2.0217667967792736,1.8892973414591625,24.26120156135128,16.591
329,31.0,0.8581692144164256,2.909995892434745,3.3909348454239394,90.20987266547709,16.591
330,9.0,1.0267606505662072,1.7150663521792733,1.6703662642637305,15.43559716961346,16.591
331,18.0,0.8343295533591369,2.186402573418573,2.6205503144600177,39.35524632153431,16.591
332,15.0,0.639081419316021,1.746822546130508,2.7333333333334124,26.20233819195762,16.591
333,33.0,0.7190786006906206,2.7483384633119736,3.8220278849522185,90.69516928929512,16.591
334,13.0,0.690352240815195,1.6901766953806707,2.448281609667615,21.97229703994872,16.591
335,10.0,1.1014182912934212,1.8724110951987925,1.6999999999999786,18.724110951987928,16.591
336,13.0,1.0033383356469283,2.037607088843897,2.030827504991222,26.48889215497066,16.591
337,20.0,0.7300685462930668,2.155866581571835,2.952964612046743,43.1173316314367,16.591
338,12.0,0.838474822142659,1.7896194853796286,2.134374745810961,21.47543382455554,16.591
339,18.0,0.8418971683555498,2.196295848258789,2.60874597374967,39.5333252686582,16.591
340,19.0,0.8796484727375826,2.3065158355272697,2.6220881488591536,43.82380087501812,16.591
341,40.0,0.7034472622846689,2.9927526993998823,4.254409477236383,119.7101079759953,16.591
342,19.0,0.4720621641804019,1.6896683169447237,3.5793343444042782,32.10369802194975,16.591
343,25.0,0.7873344897295853,2.5030798619620453,3.179182284802159,62.57699654905114,16.591
344,22.0,0.9795848751690566,2.6191323186684086,2.673716576336889,57.62091101070499,16.591
345,13.0,0.8276057040778556,1.8505826128846603,2.23606797749979,24.05757396750058,16.591
346,11.0,0.9250446692372345,1.799710948229768,1.9455395053665445,19.79682043052745,16.591
347,20.0,0.7095232904625733,2.1253154016846083,2.99541316015012,42.506308033692164,16.591
348,24.0,0.7935646287835679,2.4621915441374402,3.102698198521854,59.09259705929857,16.591
349,14.0,0.9651296438544458,2.0738718135966736,2.14880127949882,29.03420539035343,16.591
350,13.0,0.8774489585267213,1.9054943756331169,2.1716298789989255,24.771426883230518,16.591
351,10.0,0.8602969896858467,1.6548143003707685,1.9235384061672174,16.548143003707686,16.591
352,20.0,0.554909367938626,1.8795379099707636,3.38710791088797,37.590758199415276,16.591
353,27.0,0.7297953977583184,2.504421975215723,3.4316768547848477,67.61939333082452,16.591
354,31.0,0.7327694783479987,2.688992533795719,3.669629553700779,83.3587685476673,16.591
355,26.0,0.7580778535997972,2.504774552278687,3.304112553063715,65.12413835924586,16.591
356,28.0,0.5630571008466543,2.2401665043458854,3.978577840466633,62.72466212168479,16.591
357,10.0,0.9794150344116638,1.7656655632657905,1.8027756377319946,17.656655632657905,16.591
358,18.0,0.6401321573185227,1.915120647503854,2.9917582261859574,34.472171655069374,16.591
359,39.0,0.3475715441976532,2.077205547916935,5.976339497849377,81.01101636876047,16.591
360,15.0,1.0563381178664855,2.2458056440941654,2.126029162547007,33.68708466141248,16.591
361,14.0,0.817064852842257,1.9081712408434217,2.3353975320387623,26.714397371807905,16.591
362,16.0,0.707048423974407,1.897621683525869,2.683863819197986,30.361946936413904,16.591
363,20.0,0.5602814278262204,1.8886138701293917,3.3708307581367363,37.77227740258783,16.591
364,10.0,0.8017881264074854,1.5975515242403966,1.992485884517187,15.975515242403965,16.591
365,44.0,0.6252861669744645,2.959312389769857,4.7327328606818675,130.2097451498737,16.591
366,16.0,0.6518986469044032,1.8221121111479732,2.7950849718747373,29.15379377836757,16.591
367,41.0,0.6845003327822712,2.98884796265189,4.366466778041138,122.54276646872749,16.591
368,21.0,0.9665140511304601,2.541784910219154,2.6298478612351435,53.37748311460223,16.591
369,9.0,0.9628543860083901,1.6608355217170208,1.7249082995843037,14.947519695453186,16.591
370,14.0,0.9902974236829046,2.100738071033248,2.1213203435596424,29.41033299446547,16.591
371,11.0,0.6778727336170672,1.5406198491296228,2.272727272727161,16.94681834042585,16.591
372,20.0,0.8182773423748799,2.282392462825457,2.789265136196106,45.64784925650914,16.591
373,15.0,1.0563381178664855,2.2458056440941654,2.126029162547007,33.68708466141248,16.591
374,12.0,0.8384748221425473,1.7896194853795095,2.1343747458111033,21.475433824554113,16.591
375,31.0,0.7833762758614009,2.7802965326497557,3.549120158882193,86.18919251214243,16.591
376,15.0,0.8432463625356007,2.0065405067563518,2.3795424396765648,30.098107601345273,16.591
377,15.0,1.0309941131192593,2.218701034850627,2.152001652209222,33.28051552275941,16.591
378,11.0,0.9992227795061588,1.8704778484081066,1.8719327529067584,20.575256332489175,16.591
379,49.0,0.8373133549387967,3.6138249565835476,4.315976731133949,177.07742287259384,16.591
380,41.0,0.7442745170875348,3.11661794414535,4.187457547708572,127.78133570995936,16.591
381,43.0,0.6448027751233161,2.9707953837821433,4.607293111004353,127.74420150263218,16.591
382,16.0,0.9468389933252045,2.1959534137124885,2.319246914409934,35.13525461939981,16.591
383,43.0,0.6010084333709185,2.868134902499742,4.7722040877413825,123.32980080748892,16.591
384,36.0,0.845684531051236,3.113009939872857,3.6810534254460126,112.06835783542284,16.591
385,11.0,0.9992227795062647,1.8704778484082059,1.8719327529066592,20.575256332490262,16.591
386,12.0,0.7088137671721407,1.6454388942312068,2.3213980461973724,19.745266730774482,16.591
387,13.0,0.8719785784858809,1.8995452684637648,2.1784311166934502,24.694088490028943,16.591
388,20.0,0.7450202134202715,2.1778305688846875,2.9231831964486,43.55661137769375,16.591
389,9.0,1.4323944878270576,2.025711711353489,1.4142135623730951,18.2314054021814,16.591
390,38.0,0.8641122087111688,3.232971919857222,3.7413797505294237,122.85293295457443,16.591
391,28.0,0.7299977665594277,2.5507320846499497,3.4941642310385066,71.42049837019859,16.591
392,31.0,0.45852569118040787,2.127099216710722,4.638996805685661,65.94007571803239,16.591
393,11.0,0.9992227795062647,1.8704778484082059,1.8719327529066592,20.575256332490262,16.591
394,22.0,0.8548205972471827,2.4466615283648934,2.862192998441998,53.82655362402765,16.591
395,7.0,1.347904826679645,1.7330204914451703,1.2857142857142208,12.131143440116194,16.591
396,11.0,0.9992227795063238,1.8704778484082611,1.8719327529066039,20.575256332490873,16.591
397,21.0,0.739555407914712,2.2234126364934412,3.006417927174231,46.69166536636226,16.591
398,11.0,0.9250446692371689,1.799710948229704,1.9455395053666136,19.796820430526743,16.591
399,28.0,0.5669402532662697,2.2478779436894434,3.9649291627096783,62.940582423304406,16.591
400,22.0,0.6112468292308351,2.068924839170998,3.3847616711148234,45.51634646176195,16.591
401,25.0,0.8956585578284363,2.66972364488306,2.9807381636099395,66.74309112207649,16.591
402,23.0,0.7060850292065801,2.273617918979567,3.2200341671801285,52.29321213653004,16.591
403,32.0,0.17809917784462487,1.346886531573011,7.562564565840082,43.10036901033636,16.591
404,11.0,0.9968716670838893,1.8682759902601391,1.8741389207352392,20.55103589286153,16.591
405,16.0,0.7629006985423094,1.9711472173230977,2.5837533260742984,31.538355477169567,16.591
406,28.0,0.833735666568009,2.725952410390474,3.269564347188827,76.32666749093327,16.591
407,13.0,1.0792080554720247,2.113242464313334,1.9581418555933987,27.472152036073343,16.591
408,18.0,0.7506604351896814,2.0738774019652757,2.7627370575901415,37.329793235374964,16.591
409,13.0,0.9274891511217058,1.9590754349164967,2.1122354181147993,25.467980653914456,16.591
410,37.0,0.84305101515644,3.1510322894598044,3.737653158362055,116.58819471001277,16.591
411,16.0,0.47102503389046485,1.54884176042559,3.2882366094914763,24.781468166809443,16.591
412,22.0,0.9145611624621742,2.5307123324652885,2.7671329554954256,55.67567131423635,16.591
413,21.0,1.3369015219719205,2.9894026823521433,2.23606797749979,62.777456329395,16.591
414,27.0,0.8470046626680018,2.6980490840266,3.1854005095177937,72.8473252687182,16.591
415,32.0,0.578020412882818,2.426451643608914,4.197864970732146,77.64645259548523,16.591
416,15.0,0.5807004680380572,1.665124769595666,2.867441755680726,24.97687154393499,16.591
417,44.0,0.706025500447378,3.1445723802086962,4.453907653783207,138.3611847291826,16.591
418,15.0,0.7581481057658722,1.9026009983314602,2.5095373632958897,28.539014974971902,16.591
419,22.0,0.7948789090254504,2.359320226539693,2.9681504940573946,51.905044983873246,16.591
420,13.0,0.8774489585267213,1.9054943756331169,2.1716298789989255,24.771426883230518,16.591
421,20.0,0.324640373466372,1.437610798016933,4.428317965096996,28.75221596033866,16.591
422,28.0,0.7817787672306267,2.6396479863243845,3.3764641570850977,73.91014361708275,16.591
423,16.0,0.9468389933252045,2.1959534137124885,2.319246914409934,35.13525461939981,16.591
424,14.0,0.8294798933412524,1.9226136133338796,2.3178543913696847,26.916590586674317,16.591
425,8.0,1.2536512440469296,1.7867279251340886,1.4252192813739224,14.293823401072709,16.591
426,12.0,0.9666774750890144,1.9215712229486108,1.9878100736459874,23.058854675383326,16.591
427,20.0,0.45668563297531334,1.7050956093670782,3.733630940518878,34.10191218734156,16.591
428,8.0,0.6652027009228604,1.301508650819981,1.956559480312316,10.412069206559847,16.591
429,22.0,0.7895093566469294,2.351337903410967,2.978226772887368,51.729433875041266,16.591
430,8.0,1.2536512440469296,1.7867279251340886,1.4252192813739224,14.293823401072709,16.591
431,13.0,1.0792080554719363,2.1132424643132475,1.958141855593479,27.47215203607222,16.591
432,8.0,1.2536512440469296,1.7867279251340886,1.4252192813739224,14.293823401072709,16.591
433,9.0,0.8626316246394341,1.5720233994179762,1.8223577185395405,14.148210594761784,16.591
434,13.0,1.079208055471759,2.1132424643130743,1.9581418555936398,27.47215203606997,16.591
435,13.0,0.7269509562847101,1.7344001239709337,2.38585575681072,22.547201611622135,16.591
436,15.0,1.0309941131193638,2.21870103485074,2.1520016522091128,33.2805155227611,16.591
437,8.0,1.2536512440469296,1.7867279251340886,1.4252192813739224,14.293823401072709,16.591
438,25.0,0.6523599123323688,2.278445793986462,3.4926207924708037,56.961144849661544,16.591
439,28.0,0.648917033943785,2.4049091047451956,3.706034791735072,67.33745493286548,16.591
440,11.0,0.9992227795063238,1.8704778484082611,1.8719327529066039,20.575256332490873,16.591
441,22.0,0.7130998670491902,2.234660651060534,3.133727482389763,49.162534323331755,16.591
442,49.0,0.44039842650748096,2.6208730373367426,5.951140784314819,128.42277882950037,16.591
443,14.0,0.7130141450516911,1.7825353626292277,2.5,24.955495076809186,16.591
444,19.0,0.5881701264371716,1.8860506234074192,3.206641307732054,35.83496184474097,16.591
445,22.0,0.5594855840351621,1.9793876418391345,3.537870676780004,43.546528120460955,16.591
446,7.0,0.7135966729479433,1.2609576242801899,1.767045268121894,8.82670336996133,16.591
447,8.0,1.2536512440469296,1.7867279251340886,1.4252192813739224,14.293823401072709,16.591
448,14.0,0.8398483920080133,1.9345926302464673,2.3035022137995695,27.084296823450543,16.591
449,10.0,0.9794150344116638,1.7656655632657905,1.8027756377319946,17.656655632657905,16.591
450,24.0,0.6263794827907111,2.1875069748458746,3.492303044633368,52.500167396300995,16.591
451,19.0,0.6021201073729617,1.908285847060216,3.1692777299632624,36.2574310941441,16.591
452,19.0,0.7451493205920832,2.1228705832255303,2.8489197058365874,40.334541081285074,16.591
453,36.0,0.7394476224751302,2.9109183409641703,3.936611941790473,104.79306027471011,16.591
454,13.0,0.5016691678234003,1.440805789915208,2.8720238003990834,18.730475268897706,16.591
455,11.0,0.5843730462215467,1.4304296194319424,2.4478021850611498,15.734725813751368,16.591
456,29.0,0.7536413759961123,2.6375847887574757,3.499787661301497,76.48995887396678,16.591
457,10.0,0.7859503362562733,1.5816945409270604,2.0124611797498106,15.816945409270605,16.591
458,25.0,1.0359491713438846,2.871205595314729,2.7715699522111286,71.78013988286823,16.591
459,17.0,0.9774102942630668,2.299788927677846,2.352941176470631,39.09641177052338,16.591
460,7.0,0.8949204177135943,1.4121027278996923,1.577908716740905,9.884719095297845,16.591
461,10.0,0.9017277229004335,1.6941925771446578,1.8788294228054097,16.941925771446577,16.591
462,10.0,0.9794150344116638,1.7656655632657905,1.8027756377319946,17.656655632657905,16.591
463,5.0,0.9947183943245721,1.258230302612319,1.2649110640672079,6.291151513061594,16.591
464,22.0,0.7024587913130522,2.2179248666392057,3.157373633965644,48.79434706606253,16.591
465,24.0,0.7901447058008534,2.4568803212473873,3.1094055344675247,58.965127709937285,16.591
466,9.0,1.4323944878270576,2.025711711353489,1.4142135623730951,18.2314054021814,16.591
467,22.0,0.6518007054010039,2.1364553315516748,3.2777738867853397,47.002017294136834,16.591
468,29.0,0.6462382264327454,2.4424202080721567,3.7794424844757173,70.83018603409255,16.591
469,17.0,0.8840341836183467,2.18717762111181,2.4740871582133903,37.18201955890078,16.591
470,19.0,0.7215094214589127,2.0889250955161756,2.8952152714684023,39.68957681480733,16.591
471,8.0,1.2536512440469296,1.7867279251340886,1.4252192813739224,14.293823401072709,16.591
472,13.0,0.7128713760914993,1.7175220771902107,2.4093015020563278,22.327787003472736,16.591
473,10.0,0.6303166063044879,1.4164604025970327,2.247220505424509,14.164604025970329,16.591
474,9.0,0.7583264935554507,1.473921768169565,1.9436506316151652,13.265295913526085,16.591
475,8.0,1.2536512440469296,1.7867279251340886,1.4252192813739224,14.293823401072709,16.591
476,7.0,1.114084601643267,1.5755535532749356,1.4142135623730951,11.028874872924549,16.591
477,15.0,0.5630481477307836,1.6396209553743508,2.912043955712151,24.594314330615266,16.591
478,19.0,0.8656968712666778,2.2881515637493592,2.643132532524187,43.474879711237826,16.591
479,10.0,0.7859503362561144,1.5816945409269003,2.012461179750014,15.816945409269001,16.591
480,20.0,0.6547902004295105,2.041696324985569,3.118092365533748,40.83392649971138,16.591
481,23.0,0.8026686808700001,2.4241368893636213,3.0200965194457776,55.7551484553633,16.591
482,10.0,0.9794150344116638,1.7656655632657905,1.8027756377319946,17.656655632657905,16.591
483,21.0,0.8231968321552736,2.3457760952303706,2.8495932000718684,49.26129799983778,16.591
484,10.0,0.9017277229004335,1.6941925771446578,1.8788294228054097,16.941925771446577,16.591
485,32.0,0.5754691503707836,2.421090793881514,4.207160005573831,77.47490540420844,16.591
486,19.0,0.39602530552052234,1.5476164345846906,3.907872585441366,29.40471225710912,16.591
487,15.0,1.0563381178664855,2.2458056440941654,2.126029162547007,33.68708466141248,16.591
488,33.0,0.554730729828174,2.41392151708594,4.351519371990884,79.65941006383602,16.591
489,22.0,0.7736506889033193,2.327602753924774,3.0085964987948803,51.20726058634503,16.591
490,26.0,0.4984066422776506,2.0309706548822293,4.074926942387784,52.80523702693797,16.591
491,24.0,0.5090601419024814,1.9720377835914797,3.8738797663896762,47.32890680619551,16.591
492,10.0,1.0681539804824736,1.843919661899995,1.7262676501632437,18.439196618999947,16.591
493,6.0,1.527887453682195,1.708230104201225,1.118033988749895,10.24938062520735,16.591
494,46.0,0.5130911829359396,2.7409508966676674,5.342034686668706,126.0837412467127,16.591
495,12.0,1.143533229367097,2.089970139750011,1.82764268328847,25.07964167700013,16.591
496,10.0,0.9017277229004335,1.6941925771446578,1.8788294228054097,16.941925771446577,16.591
497,15.0,0.7581481057659162,1.9026009983315155,2.509537363295817,28.539014974972734,16.591
498,29.0,0.24474337371174695,1.503071131877088,6.141417065073926,43.58906282443556,16.591
499,8.0,1.2536512440469296,1.7867279251340886,1.4252192813739224,14.293823401072709,16.591
500,6.0,1.527887453682195,1.708230104201225,1.118033988749895,10.24938062520735,16.591
501,10.0,0.9794150344116638,1.7656655632657905,1.8027756377319946,17.656655632657905,16.591
502,26.0,1.1415251090729046,3.0736504219198912,2.692582403567252,79.91491096991719,16.591
503,20.0,0.8762832379456519,2.361904391524958,2.695366394388849,47.238087830499154,16.591
504,13.0,0.8315419975574572,1.8549783022435142,2.2307692307691775,24.11471792916569,16.591
505,27.0,0.5536178748568559,2.1812829146731385,3.940051457401251,58.89463869617474,16.591
506,16.0,1.1983431009272119,2.47044759042655,2.0615528128088303,39.5271614468248,16.591
507,10.0,1.1014182912934212,1.8724110951987925,1.6999999999999786,18.724110951987928,16.591
508,11.0,0.9992227795060525,1.8704778484080073,1.871932752906858,20.575256332488078,16.591
509,18.0,0.6721155887849142,1.9623808647234093,2.919707409660151,35.32285556502137,16.591
510,16.0,0.7144094760596202,1.9074741372324155,2.6700011704117284,30.519586195718652,16.591
511,16.0,0.5899535266103196,1.733380696369066,2.93816481838579,27.73409114190506,16.591
512,35.0,0.6647930425315439,2.7214622759905582,4.093698492431841,95.25117965966955,16.591
513,14.0,0.9902974236829046,2.100738071033248,2.1213203435596424,29.41033299446547,16.591
514,10.0,0.9794150344116638,1.7656655632657905,1.8027756377319946,17.656655632657905,16.591
515,6.0,0.859436692696274,1.281172578150948,1.4907119849998258,7.687035468905688,16.591
516,25.0,0.8169500610417353,2.5497219502724,3.1210254725008744,63.74304875680999,16.591
517,9.0,0.7583264935554507,1.473921768169565,1.9436506316151652,13.265295913526085,16.591
518,13.0,0.46934685902403284,1.3936178416612546,2.9692706254797687,18.11703194159631,16.591
519,11.0,0.9992227795062647,1.8704778484082059,1.8719327529066592,20.575256332490262,16.591
520,5.0,0.9947183943242327,1.2582303026121042,1.2649110640674237,6.291151513060521,16.591
521,14.0,0.8858441457284661,1.9868621715780073,2.2429026383011523,27.8160704020921,16.591
522,19.0,0.8459075975725667,2.261847534870824,2.67387069386948,42.97510316254566,16.591
523,30.0,0.7380306506622439,2.654745481656092,3.597066706205164,79.64236444968276,16.591
524,13.0,1.1189229119133344,2.1517748306024953,1.92307692307686,27.973072797832437,16.591
525,19.0,0.7881904365829189,2.1833202593841703,2.7700415509348573,41.48308492829923,16.591
526,15.0,0.9549296585513718,2.135287630251531,2.23606797749979,32.02931445377296,16.591
527,17.0,0.6028745068700659,1.8061881314812236,2.9959603713522105,30.7051982351808,16.591
528,19.0,0.752857761839431,2.133822696755792,2.8342972669130724,40.54263123836005,16.591
529,15.0,0.8126292480108521,1.9697763455934043,2.4239545283596526,29.546645183901063,16.591
530,8.0,0.9420500677809297,1.54884176042559,1.6441183047457382,12.390734083404721,16.591
531,17.0,0.9774102942630476,2.2997889276778234,2.352941176470654,39.096411770523,16.591
532,13.0,0.747144038403563,1.7583240144389676,2.353393621658298,22.858212187706577,16.591
533,13.0,0.8227374352302966,1.84513169496784,2.2426738057097886,23.98671203458192,16.591
534,11.0,0.9992227795062647,1.8704778484082059,1.8719327529066592,20.575256332490262,16.591
535,19.0,0.6357855298004667,1.9609078440695944,3.084228489259579,37.257249037322296,16.591
536,16.0,0.9201110048050861,2.1647371358794034,2.352691278089839,34.635794174070455,16.591
537,11.0,0.9250446692373001,1.799710948229832,1.9455395053664755,19.79682043052815,16.591
538,9.0,0.574376007495037,1.282757207795773,2.2333056935823645,11.544814870161957,16.591
539,11.0,0.9992227795062647,1.8704778484082059,1.8719327529066592,20.575256332490262,16.591
540,9.0,0.846890171635083,1.5576140816293387,1.8392161508050893,14.018526734664048,16.591
541,26.0,1.0514216424668101,2.9498517737276897,2.8055840345903924,76.69614611691993,16.591
542,48.0,0.28635771754171,2.09170352559116,7.304512494190027,100.40176922837567,16.591
543,8.0,1.01859163578813,1.6105347873435851,1.5811388300841898,12.884278298748683,16.591
544,7.0,1.114084601643267,1.5755535532749356,1.4142135623730951,11.028874872924549,16.591
545,9.0,1.0002064958101282,1.6927434958003795,1.6923940235254358,15.234691462203415,16.591
546,17.0,0.9774102942629911,2.299788927677757,2.352941176470722,39.09641177052186,16.591
547,11.0,0.9992227795061588,1.8704778484081066,1.8719327529067584,20.575256332489175,16.591
548,14.0,0.6310999477516074,1.6770196586658563,2.6572964625341866,23.478275221321987,16.591
549,30.0,0.5662384323997051,2.325334111284042,4.1066341990057635,69.76002333852128,16.591
550,10.0,0.9794150344116638,1.7656655632657905,1.8027756377319946,17.656655632657905,16.591
551,11.0,0.9992227795062647,1.8704778484082059,1.8719327529066592,20.575256332490262,16.591
552,6.0,1.527887453682195,1.708230104201225,1.118033988749895,10.24938062520735,16.591
553,15.0,0.7123977890387018,1.844301734315022,2.5888650451929305,27.66452601472533,16.591
554,19.0,0.7022475102394783,2.0608527788482114,2.9346530230422974,39.15620279811602,16.591
555,11.0,0.9992227795061588,1.8704778484081066,1.8719327529067584,20.575256332489175,16.591
556,13.0,1.0033383356469283,2.037607088843897,2.030827504991222,26.48889215497066,16.591
557,15.0,0.9073444813093263,2.081405961994424,2.293953404544755,31.22108942991635,16.591
558,8.0,0.7374419082628996,1.3703577631737516,1.8582585934148133,10.962862105390013,16.591
559,16.0,0.7370250388970078,1.937430695517795,2.6287176056016364,30.99889112828472,16.591
560,10.0,0.7859503362561544,1.5816945409269405,2.012461179749963,15.816945409269403,16.591
561,13.0,0.8774489585267213,1.9054943756331169,2.1716298789989255,24.771426883230518,16.591
562,18.0,0.45746260626507956,1.6189711740498651,3.5390240685852743,29.141481132897564,16.591
563,21.0,0.6274729365577121,2.04801064924013,3.2639027596559353,43.00822363404274,16.591
564,8.0,1.2536512440469296,1.7867279251340886,1.4252192813739224,14.293823401072709,16.591
565,7.0,0.9331648800089342,1.4419602100004292,1.5452362609131023,10.093721470003004,16.591
566,7.0,1.347904826679645,1.7330204914451703,1.2857142857142208,12.131143440116194,16.591
567,7.0,1.347904826679645,1.7330204914451703,1.2857142857142208,12.131143440116194,16.591
568,23.0,0.8650606176452312,2.5165887576497012,2.909147297099329,57.88154142594314,16.591
569,10.0,0.9794150344116638,1.7656655632657905,1.8027756377319946,17.656655632657905,16.591
570,15.0,0.7408937006002987,1.880826106445125,2.5385910352878045,28.212391596676877,16.591
571,15.0,0.7278427275543913,1.864186963937113,2.561249694973154,27.962804459056695,16.591
572,18.0,0.9863885527225564,2.377307321972066,2.410112440387106,42.79153179549718,16.591
573,8.0,0.8315033761535757,1.4551309082687574,1.75,11.641047266150059,16.591
574,11.0,0.9992227795060525,1.8704778484080073,1.871932752906858,20.575256332488078,16.591
575,10.0,1.1014182912934212,1.8724110951987925,1.6999999999999786,18.724110951987928,16.591
576,5.0,0.9947183943242327,1.2582303026121042,1.2649110640674237,6.291151513060521,16.591
577,13.0,0.7269509562845806,1.7344001239707794,2.3858557568109324,22.54720161162013,16.591
578,13.0,1.0792080554718475,2.113242464313161,1.9581418555935595,27.472152036071094,16.591
579,7.0,1.114084601643267,1.5755535532749356,1.4142135623730951,11.028874872924549,16.591
580,16.0,0.9468389933252045,2.1959534137124885,2.319246914409934,35.13525461939981,16.591
581,15.0,0.8232152228891784,1.9825647930242465,2.4083189157583647,29.7384718953637,16.591
582,16.0,0.7536400542247437,1.9591470792518828,2.599579292885678,31.346353268030118,16.591
583,6.0,1.527887453682195,1.708230104201225,1.118033988749895,10.24938062520735,16.591
584,6.0,1.527887453682195,1.708230104201225,1.118033988749895,10.24938062520735,16.591
585,23.0,0.8310893530467522,2.466680161607511,2.96800837667421,56.733643716972765,16.591
586,9.0,1.4323944878270576,2.025711711353489,1.4142135623730951,18.2314054021814,16.591
587,14.0,0.9203817994606647,2.0252241262752606,2.200417400107242,28.35313776785365,16.591
588,16.0,0.6326042182478441,1.7949447978580608,2.8373898657040417,28.719116765728973,16.591
589,17.0,0.8061115828974535,2.0885607162493276,2.5909077112405368,35.50553217623857,16.591
590,19.0,0.5756096781793906,1.865803519077996,3.241438755823894,35.450266862481925,16.591
591,14.0,0.8232255680380223,1.9153515907323047,2.326642496414592,26.814922270252264,16.591
592,10.0,1.1014182912934212,1.8724110951987925,1.6999999999999786,18.724110951987928,16.591
593,9.0,0.7583264935555267,1.473921768169639,1.9436506316150677,13.265295913526753,16.591
594,13.0,0.8774489585267213,1.9054943756331169,2.1716298789989255,24.771426883230518,16.591
595,26.0,0.8037084556192897,2.5790573903775935,3.208946443633377,67.05549214981743,16.591
596,12.0,0.5845265497615968,1.4942312251831085,2.5563102750294933,17.9307747021973,16.591
597,8.0,1.2536512440469296,1.7867279251340886,1.4252192813739224,14.293823401072709,16.591
598,12.0,0.5451332837715905,1.4430023430847132,2.647063362378232,17.316028117016558,16.591
599,14.0,0.641765119535841,1.691130553856362,2.63512382081388,23.675827753989065,16.591
600,8.0,1.2536512440469296,1.7867279251340886,1.4252192813739224,14.293823401072709,16.591
601,8.0,0.8315033761535757,1.4551309082687574,1.75,11.641047266150059,16.591
602,10.0,0.9824379203201431,1.7683882565764364,1.800000000000182,17.683882565764367,16.591
603,5.0,0.9947183943242327,1.2582303026121042,1.2649110640674237,6.291151513060521,16.591
604,6.0,1.527887453682195,1.708230104201225,1.118033988749895,10.24938062520735,16.591
605,15.0,1.0563381178665703,2.2458056440942555,2.1260291625469216,33.68708466141383,16.591
606,13.0,0.8276057040778556,1.8505826128846603,2.23606797749979,24.05757396750058,16.591
607,14.0,1.1417546767168092,2.2556695717098143,1.975616669419862,31.579374003937403,16.591
608,11.0,0.45802211730884956,1.2663817150972394,2.7648920592262662,13.930198866069631,16.591
609,9.0,1.0267606505663283,1.7150663521793743,1.670366264263632,15.435597169614367,16.591
610,14.0,1.1417546767168092,2.2556695717098143,1.975616669419862,31.579374003937403,16.591
611,11.0,0.9992227795062647,1.8704778484082059,1.8719327529066592,20.575256332490262,16.591
612,17.0,0.8140845761691506,2.0988639473139963,2.578189058918977,35.680687104337935,16.591
613,8.0,1.2536512440469296,1.7867279251340886,1.4252192813739224,14.293823401072709,16.591
614,19.0,0.6648256727572449,2.0051910383604334,3.016115533030282,38.09862972884823,16.591
615,15.0,0.8126292480108521,1.9697763455934043,2.4239545283596526,29.546645183901063,16.591
616,8.0,1.2536512440469296,1.7867279251340886,1.4252192813739224,14.293823401072709,16.591
617,7.0,1.347904826679645,1.7330204914451703,1.2857142857142208,12.131143440116194,16.591
618,21.0,0.7010387291197308,2.1647398734275547,3.087903397499509,45.459537341978645,16.591
619,20.0,1.1762028126881992,2.7364099964582618,2.3264780248265393,54.72819992916524,16.591
620,14.0,0.5627850049537851,1.5836541390780272,2.81395937194182,22.17115794709238,16.591
621,8.0,0.6518986469044034,1.2884278298748684,1.976423537605237,10.307422638998949,16.591
622,8.0,1.2536512440469296,1.7867279251340886,1.4252192813739224,14.293823401072709,16.591
623,8.0,0.8315033761535757,1.4551309082687574,1.75,11.641047266150059,16.591
624,17.0,0.5127398264986126,1.6657048504610261,3.2486355932905737,28.316982457837447,16.591
625,10.0,0.9017277229004335,1.6941925771446578,1.8788294228054097,16.941925771446577,16.591
626,7.0,0.9331648800089342,1.4419602100004292,1.5452362609131023,10.093721470003004,16.591
627,8.0,1.2536512440469296,1.7867279251340886,1.4252192813739224,14.293823401072709,16.591
628,8.0,1.2536512440469296,1.7867279251340886,1.4252192813739224,14.293823401072709,16.591
629,15.0,0.48720900946493834,1.5252054501795909,3.130495168499858,22.87808175269386,16.591
630,7.0,0.7135966729479433,1.2609576242801899,1.767045268121894,8.82670336996133,16.591
631,9.0,0.7583264935556028,1.473921768169713,1.9436506316149702,13.265295913527419,16.591
632,13.0,0.7770297999398398,1.7931456921687743,2.307692307692196,23.310893998194068,16.591
633,10.0,0.9824379203201431,1.7683882565764364,1.800000000000182,17.683882565764367,16.591
634,7.0,0.713596672947988,1.2609576242802294,1.7670452681218387,8.826703369961605,16.591
635,17.0,1.082253613024888,2.4199926476184017,2.23606797749979,41.13987500951282,16.591
636,10.0,1.1014182912934212,1.8724110951987925,1.6999999999999786,18.724110951987928,16.591
637,6.0,1.527887453682195,1.708230104201225,1.118033988749895,10.24938062520735,16.591
638,6.0,1.527887453682195,1.708230104201225,1.118033988749895,10.24938062520735,16.591
639,14.0,0.7962099614295253,1.8836616019907757,2.365785023097207,26.37126242787086,16.591
640,8.0,1.01859163578813,1.6105347873435851,1.5811388300841898,12.884278298748683,16.591
641,8.0,1.2536512440469296,1.7867279251340886,1.4252192813739224,14.293823401072709,16.591
642,8.0,1.2536512440469296,1.7867279251340886,1.4252192813739224,14.293823401072709,16.591
643,14.0,0.6797216557885647,1.7404222822263626,2.560492618419298,24.36591195116908,16.591
644,24.0,0.638652520552238,2.2088335987736545,3.4585843282411113,53.01200637056771,16.591
645,21.0,0.8847142424813944,2.4318468468261023,2.748737083745144,51.068783783348145,16.591
646,8.0,1.2536512440469296,1.7867279251340886,1.4252192813739224,14.293823401072709,16.591
647,16.0,1.1983431009272119,2.47044759042655,2.0615528128088303,39.5271614468248,16.591
648,13.0,0.777029799939794,1.7931456921687217,2.307692307692264,23.310893998193386,16.591
649,11.0,0.9992227795062647,1.8704778484082059,1.8719327529066592,20.575256332490262,16.591
650,12.0,0.6707798577140957,1.6006843292667787,2.386303510546128,19.208211951201346,16.591
651,7.0,0.9331648800090865,1.4419602100005469,1.5452362609129762,10.09372147000383,16.591
652,7.0,0.9331648800089342,1.4419602100004292,1.5452362609131023,10.093721470003004,16.591
653,8.0,1.2536512440469296,1.7867279251340886,1.4252192813739224,14.293823401072709,16.591
654,8.0,0.8315033761535757,1.4551309082687574,1.75,11.641047266150059,16.591
655,6.0,1.3750987083137758,1.620569369082673,1.178511301977665,9.723416214496037,16.591
656,14.0,0.9651296438545444,2.0738718135967793,2.14880127949871,29.034205390354913,16.591
657,11.0,0.9992227795063238,1.8704778484082611,1.8719327529066039,20.575256332490873,16.591
658,6.0,1.527887453682195,1.708230104201225,1.118033988749895,10.24938062520735,16.591
659,8.0,0.9420500677809297,1.54884176042559,1.6441183047457382,12.390734083404721,16.591
660,8.0,1.2536512440469296,1.7867279251340886,1.4252192813739224,14.293823401072709,16.591
661,9.0,0.6865322693136731,1.402415800167915,2.0427529234276363,12.621742201511235,16.591
662,17.0,0.7387134959004164,1.9993440798527797,2.7065216636062446,33.98884935749726,16.591
663,10.0,0.7073553026306462,1.500527193595177,2.1213203435596424,15.005271935951772,16.591
664,5.0,0.9947183943242327,1.2582303026121042,1.2649110640674237,6.291151513060521,16.591
665,11.0,0.9992227795060525,1.8704778484080073,1.871932752906858,20.575256332488078,16.591
666,8.0,1.2536512440469296,1.7867279251340886,1.4252192813739224,14.293823401072709,16.591
667,17.0,0.6010209342125152,1.8034093788642227,3.0005766458486693,30.657959440691787,16.591
668,24.0,0.6224806714676487,2.180688432691714,3.5032227226432813,52.33652238460113,16.591
669,9.0,1.0002064958101282,1.6927434958003795,1.6923940235254358,15.234691462203415,16.591
670,8.0,1.2536512440469296,1.7867279251340886,1.4252192813739224,14.293823401072709,16.591
671,8.0,1.2536512440469296,1.7867279251340886,1.4252192813739224,14.293823401072709,16.591
672,8.0,1.2536512440469296,1.7867279251340886,1.4252192813739224,14.293823401072709,16.591
673,12.0,0.8124660019581516,1.7616445519281079,2.1682686385427936,21.13973462313729,16.591
674,8.0,1.2536512440469296,1.7867279251340886,1.4252192813739224,14.293823401072709,16.591
675,10.0,0.9794150344116638,1.7656655632657905,1.8027756377319946,17.656655632657905,16.591
676,6.0,1.527887453682195,1.708230104201225,1.118033988749895,10.24938062520735,16.591
677,8.0,0.9420500677809297,1.54884176042559,1.6441183047457382,12.390734083404721,16.591
678,7.0,1.114084601643267,1.5755535532749356,1.4142135623730951,11.028874872924549,16.591
679,5.0,0.9947183943242327,1.2582303026121042,1.2649110640674237,6.291151513060521,16.591
680,6.0,1.527887453682195,1.708230104201225,1.118033988749895,10.24938062520735,16.591
681,20.0,0.49804011137693377,1.7806239983070777,3.5752622281449953,35.61247996614155,16.591
682,7.0,1.114084601643267,1.5755535532749356,1.4142135623730951,11.028874872924549,16.591
683,6.0,1.527887453682195,1.708230104201225,1.118033988749895,10.24938062520735,16.591
684,9.0,1.4323944878270576,2.025711711353489,1.4142135623730951,18.2314054021814,16.591
685,20.0,0.2981476512668701,1.3777034872622043,4.620876540224798,27.55406974524409,16.591
686,10.0,0.9794150344116638,1.7656655632657905,1.8027756377319946,17.656655632657905,16.591
687,5.0,0.9947183943242327,1.2582303026121042,1.2649110640674237,6.291151513060521,16.591
688,6.0,1.527887453682195,1.708230104201225,1.118033988749895,10.24938062520735,16.591
689,12.0,1.143533229367045,2.0899701397499633,1.8276426832885115,25.079641676999557,16.591
690,23.0,0.6532090378138349,2.186830257028913,3.347826086956502,50.297095911665004,16.591
691,10.0,0.7859503362562733,1.5816945409270604,2.0124611797498106,15.816945409270605,16.591
692,10.0,0.5633803295287605,1.3391397558525633,2.3769728648010955,13.391397558525634,16.591
693,9.0,0.8626316246393027,1.5720233994178565,1.8223577185396793,14.148210594760709,16.591
694,6.0,1.527887453682195,1.708230104201225,1.118033988749895,10.24938062520735,16.591
695,10.0,0.9794150344116638,1.7656655632657905,1.8027756377319946,17.656655632657905,16.591
696,9.0,0.8057218994026741,1.5192837835150732,1.8856180831641804,13.673554051635657,16.591
697,6.0,1.527887453682195,1.708230104201225,1.118033988749895,10.24938062520735,16.591
698,7.0,1.114084601643267,1.5755535532749356,1.4142135623730951,11.028874872924549,16.591
699,9.0,0.7074631311828802,1.4236335830874662,2.0123078084749757,12.812702247787199,16.591
700,12.0,0.6540303012194608,1.5805732279470646,2.416666666666719,18.966878735364777,16.591
701,10.0,0.584054837034537,1.363489745841735,2.3345235059856333,13.634897458417353,16.591
702,8.0,1.2536512440469296,1.7867279251340886,1.4252192813739224,14.293823401072709,16.591
703,10.0,0.9794150344116638,1.7656655632657905,1.8027756377319946,17.656655632657905,16.591
704,7.0,1.114084601643267,1.5755535532749356,1.4142135623730951,11.028874872924549,16.591
705,5.0,0.9947183943242327,1.2582303026121042,1.2649110640674237,6.291151513060521,16.591
706,8.0,1.01859163578813,1.6105347873435851,1.5811388300841898,12.884278298748683,16.591
707,11.0,0.6945417352632935,1.5594468595361195,2.2452889154961286,17.153915454897316,16.591
708,11.0,0.9992227795062647,1.8704778484082059,1.8719327529066592,20.575256332490262,16.591
709,12.0,0.948343936768164,1.9032622013031069,2.0069324297988165,22.839146415637284,16.591
710,5.0,1.5915494309189535,1.5915494309189535,1.0,7.9577471545947684,16.591
711,11.0,1.2139554685118188,2.061687245232909,1.6983219720244924,22.678559697562,16.591
712,9.0,1.0267606505664861,1.7150663521795062,1.6703662642635035,15.435597169615555,16.591
713,5.0,0.9947183943242327,1.2582303026121042,1.2649110640674237,6.291151513060521,16.591
714,11.0,0.6911426729374714,1.5556262408285486,2.2508033460253265,17.111888649114036,16.591
715,10.0,0.9794150344116638,1.7656655632657905,1.8027756377319946,17.656655632657905,16.591
716,7.0,0.9331648800089342,1.4419602100004292,1.5452362609131023,10.093721470003004,16.591
717,8.0,1.2536512440469296,1.7867279251340886,1.4252192813739224,14.293823401072709,16.591
718,6.0,1.527887453682195,1.708230104201225,1.118033988749895,10.24938062520735,16.591
719,11.0,0.6778727336169587,1.5406198491294993,2.272727272727343,16.946818340424496,16.591
720,5.0,0.9947183943242327,1.2582303026121042,1.2649110640674237,6.291151513060521,16.591
721,12.0,0.7790927525857216,1.7250840863059769,2.2142217092645464,20.701009035671724,16.591
722,12.0,0.7373183422593945,1.6781980250464215,2.27608338062478,20.138376300557056,16.591
723,8.0,0.8315033761535757,1.4551309082687574,1.75,11.641047266150059,16.591
724,12.0,0.7790927525857216,1.7250840863059769,2.2142217092645464,20.701009035671724,16.591
725,11.0,0.9992227795060525,1.8704778484080073,1.871932752906858,20.575256332488078,16.591
726,5.0,0.9947183943242327,1.2582303026121042,1.2649110640674237,6.291151513060521,16.591
727,8.0,0.7835320275293309,1.4125324506126324,1.8027756377319946,11.30025960490106,16.591
728,5.0,0.9947183943245721,1.258230302612319,1.2649110640672079,6.291151513061594,16.591
729,6.0,1.527887453682195,1.708230104201225,1.118033988749895,10.24938062520735,16.591
730,12.0,0.6111549814728781,1.5278874536821954,2.5,18.334649444186343,16.591
731,5.0,0.9704569700723605,1.2427913092913054,1.2806248474866833,6.213956546456528,16.591
732,11.0,0.6778727336169317,1.5406198491294685,2.2727272727273884,16.946818340424155,16.591
733,9.0,1.0002064958103576,1.6927434958005738,1.6923940235252417,15.234691462205163,16.591
734,9.0,1.0267606505664861,1.7150663521795062,1.6703662642635035,15.435597169615555,16.591
735,15.0,0.5055509957036151,1.5536499601061355,3.0731814857644553,23.304749401592034,16.591
736,9.0,1.0267606505664861,1.7150663521795062,1.6703662642635035,15.435597169615555,16.591
737,9.0,1.0267606505663283,1.7150663521793743,1.670366264263632,15.435597169614367,16.591
738,8.0,0.814873308630504,1.4405061058513697,1.7677669529663689,11.524048846810958,16.591
739,13.0,0.5732187048735361,1.5401283547767366,2.686807568703678,20.021668612097578,16.591
740,6.0,1.527887453682195,1.708230104201225,1.118033988749895,10.24938062520735,16.591
741,5.0,0.9947183943242327,1.2582303026121042,1.2649110640674237,6.291151513060521,16.591
742,5.0,0.9947183943242327,1.2582303026121042,1.2649110640674237,6.291151513060521,16.591
743,5.0,0.9947183943242327,1.2582303026121042,1.2649110640674237,6.291151513060521,16.591
744,9.0,1.4323944878270576,2.025711711353489,1.4142135623730951,18.2314054021814,16.591
745,11.0,0.9250446692373001,1.799710948229832,1.9455395053664755,19.79682043052815,16.591
746,10.0,0.6456589983443626,1.433595627352896,2.2203603311175213,14.33595627352896,16.591
747,11.0,0.4984358335418949,1.3210706218408905,2.6504326794751827,14.531776840249794,16.591
748,11.0,0.7538620258195668,1.6246781502826921,2.1551399256600186,17.871459653109614,16.591
749,6.0,1.527887453682195,1.708230104201225,1.118033988749895,10.24938062520735,16.591
750,7.0,1.114084601643267,1.5755535532749356,1.4142135623730951,11.028874872924549,16.591
751,8.0,0.9420500677809297,1.54884176042559,1.6441183047457382,12.390734083404721,16.591
752,7.0,0.6460372246215537,1.199783417154301,1.857142857142837,8.398483920080105,16.591
753,12.0,0.7948547446901291,1.7424469804787552,2.192157739661026,20.909363765745063,16.591
754,11.0,0.9250446692373001,1.799710948229832,1.9455395053664755,19.79682043052815,16.591
755,8.0,0.9420500677809297,1.54884176042559,1.6441183047457382,12.390734083404721,16.591
756,5.0,0.9947183943245721,1.258230302612319,1.2649110640672079,6.291151513061594,16.591
757,8.0,0.8315033761535757,1.4551309082687574,1.75,11.641047266150059,16.591
758,6.0,1.527887453682195,1.708230104201225,1.118033988749895,10.24938062520735,16.591
759,8.0,1.2536512440469296,1.7867279251340886,1.4252192813739224,14.293823401072709,16.591
760,11.0,0.9992227795062647,1.8704778484082059,1.8719327529066592,20.575256332490262,16.591
761,9.0,0.8001651966483906,1.514035810032384,1.8921540406582857,13.626322290291458,16.591
762,7.0,1.347904826679645,1.7330204914451703,1.2857142857142208,12.131143440116194,16.591
763,11.0,0.6735619372186756,1.53571340402821,2.279988400724657,16.892847444310313,16.591
764,6.0,1.527887453682195,1.708230104201225,1.118033988749895,10.24938062520735,16.591
765,5.0,0.9947183943245721,1.258230302612319,1.2649110640672079,6.291151513061594,16.591
766,7.0,1.3479048266794067,1.7330204914450171,1.2857142857143344,12.131143440115121,16.591
767,7.0,0.713596672947988,1.2609576242802294,1.7670452681218387,8.826703369961605,16.591
768,6.0,1.527887453682195,1.708230104201225,1.118033988749895,10.24938062520735,16.591
769,10.0,0.9794150344116638,1.7656655632657905,1.8027756377319946,17.656655632657905,16.591
770,12.0,0.7373183422595215,1.678198025046566,2.276083380624584,20.138376300558793,16.591
771,9.0,1.0267606505664861,1.7150663521795062,1.6703662642635035,15.435597169615555,16.591
772,8.0,1.01859163578813,1.6105347873435851,1.5811388300841898,12.884278298748683,16.591
773,11.0,0.9992227795063238,1.8704778484082611,1.8719327529066039,20.575256332490873,16.591
774,9.0,0.6445775195221615,1.3588887268211345,2.1081851067789437,12.229998541390211,16.591
775,11.0,1.0063431318541345,1.8771304284427384,1.8652985935167303,20.64843471287012,16.591
776,9.0,1.0267606505664861,1.7150663521795062,1.6703662642635035,15.435597169615555,16.591
777,9.0,0.8057218994026057,1.5192837835150088,1.8856180831642606,13.673554051635081,16.591
778,12.0,0.7790927525858722,1.7250840863061436,2.2142217092643324,20.701009035673724,16.591
779,7.0,1.114084601643267,1.5755535532749356,1.4142135623730951,11.028874872924549,16.591
780,6.0,1.527887453682195,1.708230104201225,1.118033988749895,10.24938062520735,16.591
781,9.0,0.7583264935554507,1.473921768169565,1.9436506316151652,13.265295913526085,16.591
782,8.0,1.01859163578813,1.6105347873435851,1.5811388300841898,12.884278298748683,16.591
783,12.0,0.948343936768164,1.9032622013031069,2.0069324297988165,22.839146415637284,16.591
784,6.0,0.5500394833254983,1.0249380625206492,1.8633899812499806,6.1496283751238945,16.591
785,10.0,0.5092958178940244,1.273239544735112,2.5000000000001,12.73239544735112,16.591
786,12.0,0.6611051482278961,1.5890990069392392,2.403700850309284,19.06918808327087,16.591
787,16.0,0.9686458349248194,2.221097190011539,2.2929920409805176,35.53755504018462,16.591
788,8.0,1.2536512440469296,1.7867279251340886,1.4252192813739224,14.293823401072709,16.591
789,7.0,1.347904826679645,1.7330204914451703,1.2857142857142208,12.131143440116194,16.591
790,7.0,1.114084601643267,1.5755535532749356,1.4142135623730951,11.028874872924549,16.591
791,5.0,0.9947183943245721,1.258230302612319,1.2649110640672079,6.291151513061594,16.591
792,6.0,1.527887453682195,1.708230104201225,1.118033988749895,10.24938062520735,16.591
793,7.0,0.7135966729479433,1.2609576242801899,1.767045268121894,8.82670336996133,16.591
794,6.0,1.527887453682195,1.708230104201225,1.118033988749895,10.24938062520735,16.591
795,7.0,0.9331648800089342,1.4419602100004292,1.5452362609131023,10.093721470003004,16.591
796,10.0,1.1014182912932824,1.8724110951986743,1.7000000000000857,18.724110951986745,16.591
797,11.0,0.5843730462215467,1.4304296194319424,2.4478021850611498,15.734725813751368,16.591
798,7.0,1.114084601643267,1.5755535532749356,1.4142135623730951,11.028874872924549,16.591
799,8.0,0.814873308630504,1.4405061058513697,1.7677669529663689,11.524048846810958,16.591
800,8.0,1.2536512440469296,1.7867279251340886,1.4252192813739224,14.293823401072709,16.591
801,6.0,1.527887453682195,1.708230104201225,1.118033988749895,10.24938062520735,16.591
802,7.0,0.7135966729479433,1.2609576242801899,1.767045268121894,8.82670336996133,16.591
803,10.0,1.1014182912932824,1.8724110951986743,1.7000000000000857,18.724110951986745,16.591
804,7.0,0.9331648800090865,1.4419602100005469,1.5452362609129762,10.09372147000383,16.591
805,9.0,1.0267606505661888,1.7150663521792577,1.6703662642637456,15.43559716961332,16.591
806,10.0,0.9794150344116638,1.7656655632657905,1.8027756377319946,17.656655632657905,16.591
807,28.0,0.5880776486708207,2.2893986161518325,3.8930209664086965,64.10316125225131,16.591
808,5.0,0.9947183943245721,1.258230302612319,1.2649110640672079,6.291151513061594,16.591
809,9.0,1.4323944878270576,2.025711711353489,1.4142135623730951,18.2314054021814,16.591
810,7.0,0.7135966729479433,1.2609576242801899,1.767045268121894,8.82670336996133,16.591
811,12.0,0.9666774750887686,1.9215712229483666,1.98781007364624,23.058854675380395,16.591
812,10.0,0.9794150344116638,1.7656655632657905,1.8027756377319946,17.656655632657905,16.591
813,8.0,1.2536512440469296,1.7867279251340886,1.4252192813739224,14.293823401072709,16.591
814,7.0,0.9331648800089342,1.4419602100004292,1.5452362609131023,10.093721470003004,16.591
815,6.0,1.527887453682195,1.708230104201225,1.118033988749895,10.24938062520735,16.591
816,7.0,0.7135966729478989,1.2609576242801508,1.767045268121949,8.826703369961056,16.591
817,6.0,1.527887453682195,1.708230104201225,1.118033988749895,10.24938062520735,16.591
818,8.0,0.9054147873672266,1.5184267592899776,1.6770509831248424,12.147414074319821,16.591
819,6.0,1.527887453682195,1.708230104201225,1.118033988749895,10.24938062520735,16.591
820,8.0,1.2536512440469296,1.7867279251340886,1.4252192813739224,14.293823401072709,16.591
821,6.0,1.527887453682195,1.708230104201225,1.118033988749895,10.24938062520735,16.591
822,9.0,1.0267606505664861,1.7150663521795062,1.6703662642635035,15.435597169615555,16.591
823,6.0,1.375098708313757,1.6205693690826621,1.178511301977673,9.723416214495973,16.591
824,6.0,1.527887453682195,1.708230104201225,1.118033988749895,10.24938062520735,16.591
825,9.0,0.8001651966483906,1.514035810032384,1.8921540406582857,13.626322290291458,16.591
826,6.0,1.527887453682195,1.708230104201225,1.118033988749895,10.24938062520735,16.591
827,7.0,0.7327536306109187,1.2777711349547878,1.7437936593906354,8.944397944683514,16.591
828,7.0,0.6657334814696595,1.2179354831054978,1.8294640678380911,8.525548381738485,16.591
829,9.0,0.8057218994026057,1.5192837835150088,1.8856180831642606,13.673554051635081,16.591
830,7.0,0.7135966729479433,1.2609576242801899,1.767045268121894,8.82670336996133,16.591
831,7.0,1.347904826679645,1.7330204914451703,1.2857142857142208,12.131143440116194,16.591
832,9.0,0.8626316246394341,1.5720233994179762,1.8223577185395405,14.148210594761784,16.591
833,8.0,0.8315033761535757,1.4551309082687574,1.75,11.641047266150059,16.591
834,6.0,1.3750987083138508,1.6205693690827172,1.1785113019776328,9.723416214496304,16.591
835,7.0,0.9331648800090865,1.4419602100005469,1.5452362609129762,10.09372147000383,16.591
836,5.0,0.9947183943242893,1.2582303026121402,1.2649110640673877,6.291151513060702,16.591
837,5.0,0.9947183943242327,1.2582303026121042,1.2649110640674237,6.291151513060521,16.591
838,11.0,1.0063431318541345,1.8771304284427384,1.8652985935167303,20.64843471287012,16.591
839,6.0,1.527887453682195,1.708230104201225,1.118033988749895,10.24938062520735,16.591
840,5.0,0.9947183943242327,1.2582303026121042,1.2649110640674237,6.291151513060521,16.591
841,5.0,0.9947183943242327,1.2582303026121042,1.2649110640674237,6.291151513060521,16.591
842,7.0,0.9331648800089342,1.4419602100004292,1.5452362609131023,10.093721470003004,16.591
843,8.0,1.2536512440469296,1.7867279251340886,1.4252192813739224,14.293823401072709,16.591
844,8.0,1.2536512440469296,1.7867279251340886,1.4252192813739224,14.293823401072709,16.591
845,8.0,1.2536512440469296,1.7867279251340886,1.4252192813739224,14.293823401072709,16.591
846,6.0,1.527887453682195,1.708230104201225,1.118033988749895,10.24938062520735,16.591
847,8.0,1.2536512440469296,1.7867279251340886,1.4252192813739224,14.293823401072709,16.591
848,6.0,1.527887453682195,1.708230104201225,1.118033988749895,10.24938062520735,16.591
849,6.0,1.0577682371643673,1.4213333609972405,1.3437096247165707,8.528000165983444,16.591
850,7.0,0.9331648800090865,1.4419602100005469,1.5452362609129762,10.09372147000383,16.591
851,6.0,0.5876490206469982,1.0593993379594744,1.8027756377319946,6.356396027756847,16.591
852,5.0,0.9947183943245721,1.258230302612319,1.2649110640672079,6.291151513061594,16.591
853,5.0,0.9947183943242327,1.2582303026121042,1.2649110640674237,6.291151513060521,16.591
854,5.0,0.9947183943246287,1.258230302612355,1.264911064067172,6.2911515130617754,16.591
855,8.0,1.01859163578813,1.6105347873435851,1.5811388300841898,12.884278298748683,16.591
856,5.0,0.9947183943245721,1.258230302612319,1.2649110640672079,6.291151513061594,16.591
857,6.0,1.527887453682195,1.708230104201225,1.118033988749895,10.24938062520735,16.591
858,5.0,0.9947183943242893,1.2582303026121402,1.2649110640673877,6.291151513060702,16.591
859,5.0,0.9947183943245721,1.258230302612319,1.2649110640672079,6.291151513061594,16.591
860,8.0,1.2536512440469296,1.7867279251340886,1.4252192813739224,14.293823401072709,16.591
861,7.0,0.7135966729479213,1.2609576242801706,1.7670452681219213,8.826703369961194,16.591
862,7.0,0.7478102120619088,1.290832167409659,1.7261494247992366,9.035825171867613,16.591
863,6.0,1.527887453682195,1.708230104201225,1.118033988749895,10.24938062520735,16.591
864,8.0,0.8315033761535757,1.4551309082687574,1.75,11.641047266150059,16.591
865,8.0,1.01859163578813,1.6105347873435851,1.5811388300841898,12.884278298748683,16.591
866,8.0,1.2536512440469296,1.7867279251340886,1.4252192813739224,14.293823401072709,16.591
867,5.0,0.9947183943245721,1.258230302612319,1.2649110640672079,6.291151513061594,16.591
868,5.0,1.5915494309189535,1.5915494309189535,1.0,7.9577471545947684,16.591
869,11.0,0.3159362106715951,1.0517707981601072,3.3290606224728925,11.56947877976118,16.591
870,7.0,0.7135966729479433,1.2609576242801899,1.767045268121894,8.82670336996133,16.591
871,5.0,0.9947183943242327,1.2582303026121042,1.2649110640674237,6.291151513060521,16.591
872,6.0,1.3750987083136632,1.6205693690826068,1.1785113019777131,9.723416214495641,16.591
873,5.0,0.9947183943242327,1.2582303026121042,1.2649110640674237,6.291151513060521,16.591
874,6.0,1.527887453682195,1.708230104201225,1.118033988749895,10.24938062520735,16.591
875,6.0,0.8088815931259893,1.242919968085066,1.5365907428820327,7.457519808510395,16.591
876,6.0,1.527887453682195,1.708230104201225,1.118033988749895,10.24938062520735,16.591
877,5.0,0.9947183943242327,1.2582303026121042,1.2649110640674237,6.291151513060521,16.591
878,6.0,1.527887453682195,1.708230104201225,1.118033988749895,10.24938062520735,16.591
879,12.0,0.7373183422595215,1.678198025046566,2.276083380624584,20.138376300558793,16.591
880,7.0,0.9331648800089342,1.4419602100004292,1.5452362609131023,10.093721470003004,16.591
881,15.0,1.0309941131192593,2.218701034850627,2.152001652209222,33.28051552275941,16.591
882,6.0,1.527887453682195,1.708230104201225,1.118033988749895,10.24938062520735,16.591
883,6.0,1.527887453682195,1.708230104201225,1.118033988749895,10.24938062520735,16.591
884,5.0,0.9947183943242327,1.2582303026121042,1.2649110640674237,6.291151513060521,16.591
885,5.0,0.9947183943242327,1.2582303026121042,1.2649110640674237,6.291151513060521,16.591
886,5.0,0.9947183943245721,1.258230302612319,1.2649110640672079,6.291151513061594,16.591
887,10.0,0.5488101485927017,1.3217098620160632,2.408318915758549,13.21709862016063,16.591
888,6.0,1.527887453682195,1.708230104201225,1.118033988749895,10.24938062520735,16.591
889,7.0,0.7135966729479433,1.2609576242801899,1.767045268121894,8.82670336996133,16.591
890,5.0,0.9947183943242327,1.2582303026121042,1.2649110640674237,6.291151513060521,16.591
891,5.0,0.9947183943245721,1.258230302612319,1.2649110640672079,6.291151513061594,16.591
892,5.0,0.9947183943245721,1.258230302612319,1.2649110640672079,6.291151513061594,16.591
893,5.0,0.9947183943246287,1.258230302612355,1.264911064067172,6.2911515130617754,16.591
894,11.0,0.4984358335418656,1.3210706218408519,2.6504326794752604,14.531776840249371,16.591
895,5.0,0.9947183943242327,1.2582303026121042,1.2649110640674237,6.291151513060521,16.591
896,6.0,1.527887453682195,1.708230104201225,1.118033988749895,10.24938062520735,16.591
897,5.0,0.9947183943245721,1.258230302612319,1.2649110640672079,6.291151513061594,16.591
898,5.0,0.9947183943245721,1.258230302612319,1.2649110640672079,6.291151513061594,16.591
899,6.0,0.7639437268410975,1.2079010905076888,1.5811388300841898,7.247406543046132,16.591
900,5.0,0.9947183943242327,1.2582303026121042,1.2649110640674237,6.291151513060521,16.591
901,5.0,0.9947183943243176,1.258230302612158,1.2649110640673698,6.29115151306079,16.591
902,6.0,1.527887453682195,1.708230104201225,1.118033988749895,10.24938062520735,16.591
903,5.0,0.9947183943245721,1.258230302612319,1.2649110640672079,6.291151513061594,16.591
904,6.0,1.527887453682195,1.708230104201225,1.118033988749895,10.24938062520735,16.591
905,5.0,0.9947183943246287,1.258230302612355,1.264911064067172,6.2911515130617754,16.591
906,6.0,1.527887453682195,1.708230104201225,1.118033988749895,10.24938062520735,16.591
907,6.0,1.057768237164345,1.4213333609972254,1.3437096247165847,8.52800016598335,16.591
908,6.0,1.3750987083136632,1.6205693690826068,1.1785113019777131,9.723416214495641,16.591
909,6.0,0.8088815931259893,1.242919968085066,1.5365907428820327,7.457519808510395,16.591
910,5.0,0.9947183943242327,1.2582303026121042,1.2649110640674237,6.291151513060521,16.591
911,5.0,0.9947183943242327,1.2582303026121042,1.2649110640674237,6.291151513060521,16.591
912,6.0,0.6486314661858655,1.1130116122759406,1.71593835683113,6.678069673655644,16.591
913,5.0,0.9947183943245721,1.258230302612319,1.2649110640672079,6.291151513061594,16.591
914,5.0,0.9947183943242327,1.2582303026121042,1.2649110640674237,6.291151513060521,16.591
915,5.0,0.9947183943242327,1.2582303026121042,1.2649110640674237,6.291151513060521,16.591
916,7.0,1.3479048266794067,1.7330204914450171,1.2857142857143344,12.131143440115121,16.591
917,6.0,1.527887453682195,1.708230104201225,1.118033988749895,10.24938062520735,16.591
918,5.0,0.9947183943246287,1.258230302612355,1.264911064067172,6.2911515130617754,16.591
919,5.0,0.9947183943246287,1.258230302612355,1.264911064067172,6.2911515130617754,16.591
920,6.0,1.527887453682195,1.708230104201225,1.118033988749895,10.24938062520735,16.591
921,5.0,0.9947183943246287,1.258230302612355,1.264911064067172,6.2911515130617754,16.591
922,5.0,0.9947183943242327,1.2582303026121042,1.2649110640674237,6.291151513060521,16.591
923,5.0,0.9947183943245721,1.258230302612319,1.2649110640672079,6.291151513061594,16.591
924,13.0,0.44093746528737116,1.3507819243191328,3.0634319618061734,17.560165016148726,16.591
925,5.0,0.9947183943242327,1.2582303026121042,1.2649110640674237,6.291151513060521,16.591
926,8.0,0.6652027009228604,1.301508650819981,1.956559480312316,10.412069206559847,16.591
927,5.0,0.9947183943245721,1.258230302612319,1.2649110640672079,6.291151513061594,16.591
928,5.0,0.9947183943245721,1.258230302612319,1.2649110640672079,6.291151513061594,16.591
929,6.0,1.527887453682195,1.708230104201225,1.118033988749895,10.24938062520735,16.591
930,5.0,0.9947183943245721,1.258230302612319,1.2649110640672079,6.291151513061594,16.591
931,6.0,1.527887453682195,1.708230104201225,1.118033988749895,10.24938062520735,16.591
932,6.0,0.8088815931258986,1.2429199680849963,1.536590742882119,7.457519808509978,16.591
933,9.0,0.8001651966483114,1.5140358100323092,1.8921540406583792,13.626322290290785,16.591
934,5.0,0.9947183943245721,1.258230302612319,1.2649110640672079,6.291151513061594,16.591
935,6.0,1.527887453682195,1.708230104201225,1.118033988749895,10.24938062520735,16.591
936,15.0,0.21126762357330947,1.00435481688948,4.753945729601918,15.0653222533422,16.591
937,5.0,0.9947183943242327,1.2582303026121042,1.2649110640674237,6.291151513060521,16.591
938,5.0,0.9947183943242327,1.2582303026121042,1.2649110640674237,6.291151513060521,16.591
939,5.0,0.48522848503630134,0.8787861623996996,1.811077027627418,4.393930811998498,16.591
940,6.0,1.3750987083136632,1.6205693690826068,1.1785113019777131,9.723416214495641,16.591
941,20.0,0.5732730953333193,1.9103847451640634,3.3324165405901445,38.207694903281265,16.591
942,6.0,0.8088815931258075,1.2429199680849263,1.5365907428822054,7.4575198085095575,16.591
